{
  "roc_auc": 0.7777979905798262,
  "pr_auc": 0.5440871363033185,
  "brier_score": 0.12368488410459248
}