{
  "roc_auc": 0.7163430254675048,
  "pr_auc": 0.48167552068513747,
  "brier_score": 0.19470095551370736
}