{
  "roc_auc": 0.774444525087094,
  "pr_auc": 0.5368479142620268,
  "brier_score": 0.12357233464717865
}